code,name,price,expected_per,expected_dividend_yield,expected_roe,actual_pbr,stock_name,last_price,last_news_text,last_news_url,last_disclosure,last_disclosure_url
1301,極洋,4540.0,6.5,3.3,12.3,0.78,極洋,4540.0,,,,
1332,ニッスイ,972.6,11.7,2.87,9.0,1.08,ニッスイ,972.6,,,,
1333,マルハニチロ,3295.0,9.4,3.33,7.6,0.73,マルハニチロ,3295.0,,,,
1375,ユキグニファクトリー,1114.0,22.0,1.43,16.3,3.95,ユキグニファクトリー,1114.0,,,,
1377,サカタのタネ,3615.0,17.3,2.07,5.6,0.97,サカタのタネ,3615.0,,,,
1379,ホクト,1885.0,13.5,2.65,7.6,1.03,ホクト,1885.0,,,,
1407,ウエストホールディングス,1652.0,13.1,3.93,16.0,2.08,ウエストホールディングス,1652.0,,,,
1414,ショーボンドホールディングス,5014.0,17.4,2.84,14.1,2.51,ショーボンドホールディングス,5014.0,,,,
1417,ミライト・ワン,2898.0,12.2,2.93,8.0,0.98,ミライト・ワン,2898.0,,,,
1419,タマホーム,3705.0,17.9,5.29,17.5,3.13,タマホーム,3705.0,,,,
1435,robot home,164.0,13.3,1.21,11.8,1.57,robot home,164.0,,,,
1515,日鉄鉱業,7730.0,16.8,2.36,5.1,0.85,日鉄鉱業,7730.0,,,,
1518,三井松島ホールディングス,6410.0,8.6,3.58,8.9,0.77,三井松島ホールディングス,6410.0,,,,
1605,INPEX,2230.0,8.9,4.03,6.2,0.55,INPEX,2230.0,,,,
1662,石油資源開発,1162.0,9.0,3.44,6.3,0.56,石油資源開発,1162.0,,,,
1712,ダイセキ環境ソリューション,1212.0,15.0,1.32,7.7,1.14,ダイセキ環境ソリューション,1212.0,,,,
1719,安藤ハザマ,1691.0,14.7,4.73,10.5,1.55,安藤ハザマ,1691.0,,,,
1720,東急建設,1108.0,16.0,3.51,7.2,1.16,東急建設,1108.0,,,,
1721,コムシスホールディングス,3638.0,13.6,3.29,8.3,1.14,コムシスホールディングス,3638.0,,,,
1726,ビーアールホールディングス,353.0,12.2,4.53,8.7,1.06,ビーアールホールディングス,353.0,,,,
1762,高松コンストラクショングループ,3380.0,15.0,2.66,5.7,0.86,高松コンストラクショングループ,3380.0,,,,
1766,東建コーポレーション,14570.0,13.3,2.47,11.0,1.46,東建コーポレーション,14570.0,,,,
1780,ヤマウラ,1341.0,8.0,1.93,13.5,1.07,ヤマウラ,1341.0,,,,
1801,大成建設,9603.0,19.9,1.56,9.2,1.84,大成建設,9603.0,,,,
1802,大林組,2327.5,16.3,3.52,8.6,1.41,大林組,2327.5,,,,
1803,清水建設,1826.5,16.5,2.4,8.7,1.43,清水建設,1826.5,,,,
1805,島建設 : 日経会社情報DIGITAL : 日経電子版,,,,,,島建設 : 日経会社情報DIGITAL : 日経電子版,,,,,
1808,長谷工コーポレーション,2402.0,11.7,3.74,10.3,1.23,長谷工コーポレーション,2402.0,,,,
1812,鹿島,4152.0,14.8,2.69,10.3,1.56,鹿島,4152.0,,,,
1813,不動テトラ,2613.0,14.9,2.67,7.7,1.16,不動テトラ,2613.0,,,,
1815,鉄建,3350.0,12.9,3.88,5.2,0.65,鉄建,3350.0,,,,
1820,西松建設,5092.0,11.4,4.32,10.2,1.16,西松建設,5092.0,,,,
1821,三井住友建設,598.0,,,,1.38,三井住友建設,598.0,,,,
1822,大豊建設,886.0,19.5,3.61,5.6,1.09,大豊建設,886.0,,,,
1833,奥村組,4800.0,15.2,4.58,6.4,0.98,奥村組,4800.0,,,,
1835,東鉄工業,4375.0,12.5,3.2,10.0,1.26,東鉄工業,4375.0,,,,
1852,浅沼組,843.0,14.2,4.92,10.4,1.53,浅沼組,843.0,,,,
1860,戸田建設,1042.0,14.8,3.83,6.1,0.91,戸田建設,1042.0,,,,
1861,熊谷組,4745.0,13.2,3.37,8.5,1.12,熊谷組,4745.0,,,,
1870,矢作建設工業,2145.0,13.9,4.19,9.6,1.32,矢作建設工業,2145.0,,,,
1871,ピーエス・コンストラクション,1842.0,13.8,4.34,10.7,1.48,ピーエス・コンストラクション,1842.0,,,,
1878,大東建託,16185.0,11.9,4.23,19.2,2.32,大東建託,16185.0,,,,
1882,東亜道路工業,1611.0,18.0,5.58,7.4,1.46,東亜道路工業,1611.0,,,,
1884,日本道路,2513.0,18.1,0.0,5.8,1.07,日本道路,2513.0,,,,
1885,東亜建設工業,2099.0,13.1,3.62,11.7,1.54,東亜建設工業,2099.0,,,,
1887,日本国土開発,489.0,19.4,4.49,3.0,0.58,日本国土開発,489.0,,,,
1890,東洋建設,1644.0,18.1,5.47,11.0,2.14,東洋建設,1644.0,,,,
1893,五洋建設,1060.0,11.7,3.2,14.5,1.7,五洋建設,1060.0,,,,
1898,世紀東急工業,1528.0,14.3,4.58,9.4,1.38,世紀東急工業,1528.0,,,,
1911,住友林業,1530.0,9.7,3.26,10.9,1.07,住友林業,1530.0,,,,
1925,大和ハウス工業,5282.0,11.9,3.21,10.4,1.25,大和ハウス工業,5282.0,,,,
1926,ライト工業,3275.0,15.0,3.26,10.8,1.62,ライト工業,3275.0,,,,
1928,積水ハウス,3317.0,9.2,4.34,11.8,1.14,積水ハウス,3317.0,,,,
1929,日特建設,1235.0,15.3,3.96,9.7,1.5,日特建設,1235.0,,,,
1934,ユアテック,2640.0,14.8,2.72,8.3,1.25,ユアテック,2640.0,,,,
1941,中電工,3870.0,13.2,3.35,7.0,0.92,中電工,3870.0,,,,
1942,関電工,3843.0,17.0,2.34,12.5,2.1,関電工,3843.0,,,,
1944,きんでん,5282.0,20.0,1.89,8.7,1.76,きんでん,5282.0,,,,
1949,住友電設,6990.0,18.9,2.23,11.4,2.17,住友電設,6990.0,,,,
1950,日本電設工業,2910.0,12.6,3.16,6.8,0.88,日本電設工業,2910.0,,,,
1951,エクシオグループ,2100.0,14.3,3.14,9.3,1.34,エクシオグループ,2100.0,,,,
1959,九電工,7193.0,15.8,2.5,10.3,1.62,九電工,7193.0,,,,
1961,三機工業,4895.0,13.0,3.37,18.4,2.38,三機工業,4895.0,,,,
1963,日揮ホールディングス,1357.0,21.8,2.94,3.8,0.86,日揮ホールディングス,1357.0,,,,
1967,ヤマト,2026.0,11.9,2.31,9.2,1.1,ヤマト,2026.0,,,,
1968,太平電業,6420.0,12.7,3.13,9.3,1.19,太平電業,6420.0,,,,
1969,高砂熱学工業,8490.0,19.3,2.03,15.9,3.07,高砂熱学工業,8490.0,,,,
1973,ECネッツエスアイ : 日経会社情報DIGITAL : 日経電子版,,,,,,ECネッツエスアイ : 日経会社情報DIGITAL : 日経電子版,,,,,
1976,明星工業,1620.0,12.4,3.7,9.0,1.14,明星工業,1620.0,,,,
1979,大気社,2929.0,15.5,3.2,8.1,1.26,大気社,2929.0,,,,
1982,日比谷総合設備,4535.0,16.4,2.2,8.5,1.4,日比谷総合設備,4535.0,,,,
2001,ニップン,2307.0,9.6,2.86,8.3,0.74,ニップン,2307.0,,,,
2002,日清製粉グループ本社,1794.0,13.3,3.34,8.0,1.06,日清製粉グループ本社,1794.0,,,,
2004,昭和産業,3025.0,10.3,3.3,7.0,0.72,昭和産業,3025.0,,,,
2053,中部飼料,1801.0,12.8,3.33,6.1,0.77,中部飼料,1801.0,,,,
2060,フィード・ワン,1099.0,8.0,3.82,9.5,0.75,フィード・ワン,1099.0,,,,
2109,DM三井製糖,3220.0,13.0,4.03,6.7,0.9,DM三井製糖,3220.0,,,,
2117,ウェルネオシュガー,2391.0,13.2,4.51,8.1,1.06,ウェルネオシュガー,2391.0,,,,
2121,MIXI,3225.0,16.7,3.72,7.3,1.23,MIXI,3225.0,,,,
2124,ジェイエイシーリクルートメント,1073.0,24.3,2.98,38.7,10.32,ジェイエイシーリクルートメント,1073.0,,,,
2127,日本M&Aセンターホールディングス,760.5,21.9,3.81,23.3,5.51,日本M&Aセンターホールディングス,760.5,,,,
2130,メンバーズ,1274.0,20.3,2.59,13.8,3.04,メンバーズ,1274.0,,,,
2138,クルーズ,648.0,,0.0,0.0,0.68,クルーズ,648.0,,,,
2146,UTグループ,2623.0,13.0,6.2,26.3,3.43,UTグループ,2623.0,,,,
2148,アイティメディア,1606.0,20.7,6.22,16.0,4.05,アイティメディア,1606.0,,,,
2150,ケアネット,758.0,20.9,1.58,13.5,2.93,ケアネット,758.0,,,,
2153,E・Jホールディングス,1833.0,9.8,3.76,9.8,0.96,E・Jホールディングス,1833.0,,,,
2154,オープンアップグループ,1943.0,15.3,3.86,14.6,2.25,オープンアップグループ,1943.0,,,,
2157,コシダカホールディングス,1406.0,15.4,1.7,22.0,3.28,コシダカホールディングス,1406.0,,,,
2158,FRONTEO,1020.0,65.2,0.0,20.7,13.53,FRONTEO,1020.0,,,,
2160,ジーエヌアイグループ,2968.0,12.4,0.0,33.1,4.4,ジーエヌアイグループ,2968.0,,,,
2163,アルトナー,1864.0,15.5,4.5,27.1,4.28,アルトナー,1864.0,,,,
2168,パソナグループ,2132.0,161.8,3.51,0.4,0.6,パソナグループ,2132.0,,,,
2170,リンクアンドモチベーション,551.0,15.7,2.83,34.4,5.23,リンクアンドモチベーション,551.0,,,,
2175,エス・エム・エス,1577.0,18.4,1.8,14.9,2.96,エス・エム・エス,1577.0,,,,
2181,パーソルホールディングス,305.4,16.5,3.6,21.6,3.57,パーソルホールディングス,305.4,,,,
2183,リニカル,338.0,50.9,4.73,2.1,1.05,リニカル,338.0,,,,
2193,クックパッド,211.0,35.4,0.0,3.3,1.16,クックパッド,211.0,,,,
2198,アイ・ケイ・ケイホールディングス,796.0,20.7,3.01,10.8,2.24,アイ・ケイ・ケイホールディングス,796.0,,,,
2201,森永製菓,2629.0,12.4,2.47,13.6,1.77,森永製菓,2629.0,,,,
2206,江崎グリコ,4939.0,39.3,1.92,3.0,1.18,江崎グリコ,4939.0,,,,
2211,不二家,2544.0,36.4,1.17,3.1,1.14,不二家,2544.0,,,,
2212,山崎製パン,3503.0,18.2,1.42,9.0,1.64,山崎製パン,3503.0,,,,
2217,モロゾフ,1583.0,55.1,0.88,3.0,1.65,モロゾフ,1583.0,,,,
2220,亀田製菓,4265.0,3.7,1.35,32.0,0.97,亀田製菓,4265.0,,,,
2222,寿スピリッツ,1937.5,22.3,1.8,33.4,7.99,寿スピリッツ,1937.5,,,,
2229,カルビー,2750.0,16.7,2.18,10.0,1.7,カルビー,2750.0,,,,
2264,森永乳業,3264.0,14.1,2.84,7.1,1.01,森永乳業,3264.0,,,,
2267,ヤクルト本社,2424.0,15.6,2.72,7.9,1.3,ヤクルト本社,2424.0,,,,
2269,明治ホールディングス,3056.0,15.3,3.43,7.2,1.11,明治ホールディングス,3056.0,,,,
2270,雪印メグミルク,2808.0,5.8,3.56,12.3,0.71,雪印メグミルク,2808.0,,,,
2281,プリマハム,2405.0,15.1,3.32,6.7,1.01,プリマハム,2405.0,,,,
2282,日本ハム,5452.0,17.9,2.86,5.7,1.02,日本ハム,5452.0,,,,
2292,エスフーズ,2724.0,19.1,3.81,3.7,0.7,エスフーズ,2724.0,,,,
2294,柿安本店,2785.0,31.3,3.05,5.7,1.77,柿安本店,2785.0,,,,
2296,伊藤ハム米久ホールディングス,5640.0,18.2,5.67,6.1,1.11,伊藤ハム米久ホールディングス,5640.0,,,,
2305,スタジオアリス,2167.0,25.3,2.3,4.9,1.26,スタジオアリス,2167.0,,,,
2309,経会社情報DIGITAL : 日経電子版,,,,,,経会社情報DIGITAL : 日経電子版,,,,,
2317,システナ,509.0,19.3,2.35,29.0,5.53,システナ,509.0,,,,
2326,デジタルアーツ,7420.0,23.9,1.28,24.2,5.91,デジタルアーツ,7420.0,,,,
2327,日鉄ソリューションズ,3531.0,22.1,2.26,11.2,2.49,日鉄ソリューションズ,3531.0,,,,
2331,ALSOK,1122.0,18.5,2.42,8.7,1.61,ALSOK,1122.0,,,,
2337,いちご,425.0,11.0,2.7,14.4,1.64,いちご,425.0,,,,
2353,日本駐車場開発,292.0,19.4,2.73,28.9,5.2,日本駐車場開発,292.0,,,,
2371,カカクコム,2830.0,29.4,1.76,30.7,10.02,カカクコム,2830.0,,,,
2372,イロムグループ : 日経会社情報DIGITAL : 日経電子版,,,,,,イロムグループ : 日経会社情報DIGITAL : 日経電子版,,,,,
2374,セントケア・ホールディング,787.0,14.5,3.93,8.0,1.15,セントケア・ホールディング,787.0,,,,
2375,ギグワークス,237.0,117.3,0.84,1.6,1.84,ギグワークス,237.0,,,,
2378,ルネサンス,1195.0,27.2,1.08,7.0,2.23,ルネサンス,1195.0,,,,
2379,ディップ,2496.0,16.3,3.8,22.3,3.67,ディップ,2496.0,,,,
2384,SBSホールディングス,3405.0,12.0,2.49,12.7,1.57,SBSホールディングス,3405.0,,,,
2389,デジタルホールディングス,1448.0,11.4,3.17,7.7,0.89,デジタルホールディングス,1448.0,,,,
2395,,,,,,,,,,,,
2412,経会社情報DIGITAL : 日経電子版,,,,,,経会社情報DIGITAL : 日経電子版,,,,,
2413,エムスリー,2169.0,32.6,0.96,11.9,3.92,エムスリー,2169.0,,,,
2427,経会社情報DIGITAL : 日経電子版,,,,,,経会社情報DIGITAL : 日経電子版,,,,,
2429,ワールドホールディングス,2450.0,8.1,4.33,11.8,0.95,ワールドホールディングス,2450.0,,,,
2432,ディー・エヌ・エー,2270.0,16.8,1.76,6.2,0.94,ディー・エヌ・エー,2270.0,,,,
2433,博報堂DYホールディングス,1199.0,22.0,2.66,5.1,1.15,博報堂DYホールディングス,1199.0,,,,
2438,アスカネット,423.0,25.3,1.65,4.8,1.22,アスカネット,423.0,,,,
2453,経会社情報DIGITAL : 日経電子版,,,,,,経会社情報DIGITAL : 日経電子版,,,,,
2461,ファンコミュニケーションズ,506.0,28.4,5.33,6.6,1.95,ファンコミュニケーションズ,506.0,,,,
2462,ライク,1468.0,10.2,4.08,15.5,1.58,ライク,1468.0,,,,
2471,エスプール,333.0,13.6,3.0,20.8,2.83,エスプール,333.0,,,,
2477,手間いらず,2918.0,16.3,1.37,16.4,2.68,手間いらず,2918.0,,,,
2484,出前館,182.0,,0.0,,0.66,出前館,182.0,,,,
2489,アドウェイズ,293.0,574.5,2.16,0.2,0.86,アドウェイズ,293.0,,,,
2491,バリューコマース,821.0,8.4,5.96,14.9,1.25,バリューコマース,821.0,,,,
2492,インフォマート,440.0,73.4,1.01,11.7,8.6,インフォマート,440.0,,,,
2497,ユナイテッド,569.0,,4.04,,1.14,ユナイテッド,569.0,,,,
2501,サッポロホールディングス,7043.0,49.8,0.85,5.7,2.84,サッポロホールディングス,7043.0,,,,
2502,アサヒグループホールディングス,1979.0,17.7,2.62,6.3,1.11,アサヒグループホールディングス,1979.0,,,,
2503,キリンホールディングス,2100.0,11.3,3.52,13.4,1.51,キリンホールディングス,2100.0,,,,
2531,宝ホールディングス,1303.0,15.4,2.37,6.6,1.02,宝ホールディングス,1303.0,,,,
2533,オエノンホールディングス,624.0,12.1,1.6,11.8,1.42,オエノンホールディングス,624.0,,,,
2579,コカ・コーラボトラーズジャパンホールディングス,2616.5,,2.17,,1.16,コカ・コーラボトラーズジャパンホールディングス,2616.5,,,,
2587,サントリー食品インターナショナル,4772.0,16.3,2.51,7.4,1.2,サントリー食品インターナショナル,4772.0,,,,
2590,ダイドーグループホールディングス,2733.0,21.6,1.09,4.4,0.98,ダイドーグループホールディングス,2733.0,,,,
2593,伊藤園,3398.0,25.0,1.41,9.2,2.24,伊藤園,3398.0,,,,
2594,キーコーヒー,2005.0,71.5,0.59,1.9,1.39,キーコーヒー,2005.0,,,,
2602,日清オイリオグループ,5050.0,5.8,3.56,14.7,0.8,日清オイリオグループ,5050.0,,,,
2607,不二製油,2802.0,14.5,1.85,,1.14,不二製油,2802.0,,,,
2613,J－オイルミルズ,2058.0,9.7,3.4,6.6,0.64,J－オイルミルズ,2058.0,,,,
2651,経会社情報DIGITAL : 日経電子版,,,,,,経会社情報DIGITAL : 日経電子版,,,,,
2659,サンエー,3050.0,17.1,3.27,7.3,1.27,サンエー,3050.0,,,,
2664,カワチ薬品,2821.0,12.8,2.83,4.3,0.55,カワチ薬品,2821.0,,,,
2670,エービーシー・マート,3027.0,16.4,2.31,12.4,2.04,エービーシー・マート,3027.0,,,,
2678,アスクル,1588.0,22.1,2.39,8.5,1.87,アスクル,1588.0,,,,
2681,ゲオホールディングス,1651.0,11.9,2.05,6.1,0.71,ゲオホールディングス,1651.0,,,,
2685,アダストリア,3085.0,11.4,2.91,16.1,1.82,アダストリア,3085.0,,,,
2692,伊藤忠食品,10700.0,16.3,1.49,7.2,1.14,伊藤忠食品,10700.0,,,,
2695,くら寿司,4000.0,46.7,0.5,5.6,2.62,くら寿司,4000.0,,,,
2698,キャンドゥ,3845.0,615.2,0.44,1.0,5.81,キャンドゥ,3845.0,,,,
2702,日本マクドナルドホールディングス,6300.0,27.4,0.88,12.1,3.29,日本マクドナルドホールディングス,6300.0,,,,
2715,レマテック : 日経会社情報DIGITAL : 日経電子版,,,,,,レマテック : 日経会社情報DIGITAL : 日経電子版,,,,,
2726,パルグループホールディングス,5400.0,27.8,1.11,23.8,6.61,パルグループホールディングス,5400.0,,,,
2730,エディオン,1999.0,14.5,2.35,6.5,0.94,エディオン,1999.0,,,,
2733,あらた,3215.0,9.1,3.48,10.0,0.91,あらた,3215.0,,,,
2734,サーラコーポレーション,1052.0,13.2,3.04,5.9,0.77,サーラコーポレーション,1052.0,,,,
2737,トーメンデバイス,6020.0,8.5,4.31,9.7,0.85,トーメンデバイス,6020.0,,,,
2749,JPホールディングス,564.0,12.8,2.12,19.2,2.47,JPホールディングス,564.0,,,,
2752,フジオフードグループ本社,1149.0,90.6,0.26,7.6,6.78,フジオフードグループ本社,1149.0,,,,
2760,東京エレクトロンデバイス,2767.0,11.7,3.46,14.6,1.74,東京エレクトロンデバイス,2767.0,,,,
2764,ひらまつ,130.0,131.3,0.0,1.2,1.56,ひらまつ,130.0,,,,
2767,円谷フィールズホールディングス,2447.0,13.5,2.04,21.9,2.87,円谷フィールズホールディングス,2447.0,,,,
2768,双日,3790.0,6.8,4.35,11.9,0.83,双日,3790.0,,,,
2782,セリア,3100.0,18.2,2.25,9.9,1.79,セリア,3100.0,,,,
2784,アルフレッサホールディングス,2258.0,16.4,3.01,5.2,0.85,アルフレッサホールディングス,2258.0,,,,
2790,ナフコ,1880.0,36.6,3.08,0.8,0.3,ナフコ,1880.0,,,,
2791,大黒天物産,8000.0,16.0,0.43,11.3,1.81,大黒天物産,8000.0,,,,
2792,ハニーズホールディングス,1515.0,10.5,3.63,8.9,0.94,ハニーズホールディングス,1515.0,,,,
2801,キッコーマン,1309.5,20.5,1.9,11.7,2.44,キッコーマン,1309.5,,,,
2802,味の素,3996.0,32.5,1.2,16.1,5.55,味の素,3996.0,,,,
2804,ブルドックソース,2105.0,12.4,2.13,10.3,1.18,ブルドックソース,2105.0,,,,
2809,キユーピー,4256.0,20.0,1.5,9.3,1.85,キユーピー,4256.0,,,,
2810,ハウス食品グループ本社,2842.5,20.3,1.68,4.4,0.91,ハウス食品グループ本社,2842.5,,,,
2811,カゴメ,2958.0,19.1,1.62,8.2,1.56,カゴメ,2958.0,,,,
2815,アリアケジャパン,6120.0,22.4,2.12,6.8,1.53,アリアケジャパン,6120.0,,,,
2871,ニチレイ,1705.5,14.4,2.75,11.3,1.66,ニチレイ,1705.5,,,,
2874,ヨコレイ,1126.0,23.7,2.13,3.5,0.82,ヨコレイ,1126.0,,,,
2875,東洋水産,9960.0,15.9,2.0,12.9,2.06,東洋水産,9960.0,,,,
2897,日清食品ホールディングス,2829.0,14.9,2.47,11.5,1.73,日清食品ホールディングス,2829.0,,,,
2908,フジッコ,1632.0,34.4,2.81,2.0,0.67,フジッコ,1632.0,,,,
2910,ロック・フィールド,1582.0,44.4,1.51,3.2,1.43,ロック・フィールド,1582.0,,,,
2914,日本たばこ産業,4777.0,17.1,4.35,12.2,2.08,日本たばこ産業,4777.0,,,,
2918,わらべや日洋ホールディングス,2749.0,12.3,3.27,6.9,0.84,わらべや日洋ホールディングス,2749.0,,,,
2929,ファーマフーズ,943.0,17.0,2.65,13.3,2.65,ファーマフーズ,943.0,,,,
2930,北の達人コーポレーション,149.0,33.4,2.34,7.9,2.68,北の達人コーポレーション,149.0,,,,
2931,ユーグレナ,506.0,,0.0,,2.24,ユーグレナ,506.0,,,,
2933,紀文食品,1143.0,8.6,2.05,14.5,1.25,紀文食品,1143.0,,,,
2975,スター・マイカ・ホールディングス,1069.0,10.5,2.8,12.1,1.27,スター・マイカ・ホールディングス,1069.0,,,,
2980,SREホールディングス,3180.0,23.0,0.56,16.3,3.75,SREホールディングス,3180.0,,,,
3001,片倉工業,2766.0,21.8,1.8,4.6,1.02,片倉工業,2766.0,,,,
3002,グンゼ,3760.0,43.6,5.74,2.4,1.1,グンゼ,3760.0,,,,
3003,ヒューリック,1578.5,11.0,3.61,12.7,1.41,ヒューリック,1578.5,,,,
3028,アルペン,2403.0,16.5,2.08,4.6,0.76,アルペン,2403.0,,,,
3030,ハブ,783.0,23.4,1.27,14.5,3.33,ハブ,783.0,,,,
3031,ラクーンホールディングス,697.0,15.7,3.15,20.4,3.2,ラクーンホールディングス,697.0,,,,
3034,クオールホールディングス,2144.0,11.4,2.14,12.3,1.4,クオールホールディングス,2144.0,,,,
3036,アルコニックス,2107.0,11.6,3.98,7.8,0.92,アルコニックス,2107.0,,,,
3038,神戸物産,4126.0,38.0,0.63,17.3,6.57,神戸物産,4126.0,,,,
3040,ソリトンシステムズ,1323.0,14.0,3.93,14.3,2.05,ソリトンシステムズ,1323.0,,,,
3046,ジンズホールディングス,8090.0,26.2,1.16,25.5,6.41,ジンズホールディングス,8090.0,,,,
3048,,,,,,,,,,,,
3050,DCMホールディングス,1477.0,10.0,3.11,7.4,0.73,DCMホールディングス,1477.0,,,,
3053,ペッパーフードサービス,213.0,242.0,0.0,1.7,4.19,ペッパーフードサービス,213.0,,,,
3064,MonotaRO,2730.0,44.7,1.13,26.7,11.94,MonotaRO,2730.0,,,,
3073,DDグループ,1696.0,13.1,0.0,29.8,5.11,DDグループ,1696.0,,,,
3076,あいホールディングス,2550.0,6.3,3.92,20.1,1.28,あいホールディングス,2550.0,,,,
3086,J・フロントリテイリング,2218.0,18.4,2.43,7.3,1.36,J・フロントリテイリング,2218.0,,,,
3087,ドトール・日レスホールディングス,2610.0,15.3,2.06,6.9,1.08,ドトール・日レスホールディングス,2610.0,,,,
3088,マツキヨココカラ&カンパニー,3369.0,23.7,1.36,10.8,2.57,マツキヨココカラ&カンパニー,3369.0,,,,
3091,ブロンコビリー,3880.0,30.8,0.67,9.0,2.79,ブロンコビリー,3880.0,,,,
3092,ZOZO,1537.5,28.4,2.53,48.4,15.39,ZOZO,1537.5,,,,
3093,トレジャー・ファクトリー,1801.0,14.0,2.16,28.9,3.84,トレジャー・ファクトリー,1801.0,,,,
3097,物語コーポレーション,4115.0,25.0,0.87,16.9,4.11,物語コーポレーション,4115.0,,,,
3099,三越伊勢丹ホールディングス,2338.0,13.9,2.56,10.0,1.38,三越伊勢丹ホールディングス,2338.0,,,,
3101,東洋紡,1026.0,20.1,3.89,2.3,0.46,東洋紡,1026.0,,,,
3104,富士紡ホールディングス,6080.0,14.5,2.46,9.9,1.43,富士紡ホールディングス,6080.0,,,,
3105,日清紡ホールディングス,1020.0,14.4,3.52,4.1,0.59,日清紡ホールディングス,1020.0,,,,
3106,クラボウ,8370.0,14.6,3.36,7.9,1.16,クラボウ,8370.0,,,,
3107,ダイワボウホールディングス,3050.0,9.0,3.27,19.8,1.75,ダイワボウホールディングス,3050.0,,,,
3110,日東紡,5580.0,15.6,1.89,10.0,1.58,日東紡,5580.0,,,,
3116,トヨタ紡織,2326.5,8.3,3.69,11.2,0.93,トヨタ紡織,2326.5,,,,
3132,マクニカホールディングス,2132.5,14.1,3.28,10.7,1.51,マクニカホールディングス,2132.5,,,,
3134,Hamee,1345.0,11.0,1.67,18.5,2.04,Hamee,1345.0,,,,
3139,ラクト・ジャパン,4115.0,9.4,3.2,14.8,1.39,ラクト・ジャパン,4115.0,,,,
3141,ウエルシアホールディングス,2659.5,,,,2.19,ウエルシアホールディングス,2659.5,,,,
3148,クリエイトSDホールディングス,3575.0,14.1,2.51,11.4,1.61,クリエイトSDホールディングス,3575.0,,,,
3150,グリムス,2469.0,11.7,3.44,30.0,3.55,グリムス,2469.0,,,,
3151,バイタルケーエスケー・ホールディングス,1261.0,8.4,5.39,6.8,0.58,バイタルケーエスケー・ホールディングス,1261.0,,,,
3156,レスター,2775.0,10.4,4.5,8.7,0.9,レスター,2775.0,,,,
3159,丸善CHIホールディングス,331.0,13.3,1.2,4.5,0.58,丸善CHIホールディングス,331.0,,,,
3167,TOKAIホールディングス,1129.0,14.7,3.01,10.7,1.56,TOKAIホールディングス,1129.0,,,,
3175,エー・ピーホールディングス,940.0,18.3,0.0,,,エー・ピーホールディングス,940.0,,,,
3179,シュッピン,1161.0,10.8,4.04,22.7,2.69,シュッピン,1161.0,,,,
3180,ビューティガレージ,1745.0,16.9,0.91,16.9,2.86,ビューティガレージ,1745.0,,,,
3182,オイシックス・ラ・大地,1805.0,15.6,0.88,13.2,2.06,オイシックス・ラ・大地,1805.0,,,,
3186,ネクステージ,2000.0,14.4,1.7,15.3,2.21,ネクステージ,2000.0,,,,
3191,ジョイフル本田,2169.0,16.6,3.87,6.4,1.07,ジョイフル本田,2169.0,,,,
3193,エターナルホスピタリティグループ,3125.0,20.0,1.47,19.6,3.9,エターナルホスピタリティグループ,3125.0,,,,
3196,ホットランドホールディングス,2015.0,22.5,0.64,16.1,3.67,ホットランドホールディングス,2015.0,,,,
3197,すかいらーくホールディングス,2955.5,45.4,0.67,8.5,3.84,すかいらーくホールディングス,2955.5,,,,
3198,SFPホールディングス,2274.0,30.5,1.23,19.5,5.88,SFPホールディングス,2274.0,,,,
3201,ニッケ,1462.0,12.6,2.87,6.4,0.8,ニッケ,1462.0,,,,
3221,ヨシックスホールディングス,2652.0,14.9,1.05,15.9,2.37,ヨシックスホールディングス,2652.0,,,,
3222,ユナイテッド・スーパーマーケット・ホールディングス,1045.0,170.1,1.53,0.6,1.01,ユナイテッド・スーパーマーケット・ホールディングス,1045.0,,,,
3228,経会社情報DIGITAL : 日経電子版,,,,,,経会社情報DIGITAL : 日経電子版,,,,,
3231,野村不動産ホールディングス,917.9,10.5,3.92,10.0,1.05,野村不動産ホールディングス,917.9,,,,
3232,三重交通グループホールディングス,544.0,9.2,2.94,9.4,0.85,三重交通グループホールディングス,544.0,,,,
3244,,,,,,,,,,,,
3245,ディア・ライフ,1407.0,9.0,4.4,28.1,2.53,ディア・ライフ,1407.0,,,,
3252,地主,2427.0,8.2,4.12,13.7,1.1,地主,2427.0,,,,
3254,レサンスコーポレーション : 日経会社情報DIGITAL : 日経電子版,,,,,,レサンスコーポレーション : 日経会社情報DIGITAL : 日経電子版,,,,,
3284,フージャースホールディングス,1391.0,7.6,5.31,15.4,1.17,フージャースホールディングス,1391.0,,,,
3288,オープンハウスグループ,7230.0,8.1,2.46,19.6,1.6,オープンハウスグループ,7230.0,,,,
3289,東急不動産ホールディングス,1164.0,9.7,3.6,10.3,1.0,東急不動産ホールディングス,1164.0,,,,
3291,飯田グループホールディングス,2226.5,12.0,4.04,5.2,0.62,飯田グループホールディングス,2226.5,,,,
3302,帝国繊維,3125.0,19.1,1.76,6.3,1.2,帝国繊維,3125.0,,,,
3315,日本コークス工業,89.0,28.8,2.24,2.2,0.62,日本コークス工業,89.0,,,,
3319,ゴルフダイジェスト・オンライン,428.0,,0.0,,,ゴルフダイジェスト・オンライン,428.0,,,,
3328,BEENOS,3985.0,28.0,0.0,12.4,3.34,BEENOS,3985.0,,,,
3333,あさひ,1412.0,10.0,3.54,9.3,0.9,あさひ,1412.0,,,,
3341,日本調剤,3915.0,33.4,0.0,5.9,1.96,日本調剤,3915.0,,,,
3349,コスモス薬品,9990.0,25.5,0.75,12.0,3.07,コスモス薬品,9990.0,,,,
3360,シップヘルスケアホールディングス,2204.0,13.2,2.72,10.4,1.38,シップヘルスケアホールディングス,2204.0,,,,
3382,セブン&アイ・ホールディングス,2045.0,19.9,2.44,6.3,1.34,セブン&アイ・ホールディングス,2045.0,,,,
3387,クリエイト・レストランツ・ホールディングス,1642.0,59.5,0.54,14.4,8.41,クリエイト・レストランツ・ホールディングス,1642.0,,,,
3391,ツルハホールディングス,11510.0,22.6,2.31,8.8,1.96,ツルハホールディングス,11510.0,,,,
3393,スターティアホールディングス,2678.0,12.4,4.66,26.3,3.28,スターティアホールディングス,2678.0,,,,
3395,サンマルクホールディングス,2541.0,27.1,2.04,6.5,1.77,サンマルクホールディングス,2541.0,,,,
3397,トリドールホールディングス,4535.0,72.3,0.24,6.3,4.56,トリドールホールディングス,4535.0,,,,
3401,帝人,1268.0,20.3,3.94,2.8,0.56,帝人,1268.0,,,,
3402,東レ,952.1,17.6,2.1,4.8,0.84,東レ,952.1,,,,
3405,クラレ,1670.0,11.7,3.23,5.9,0.71,クラレ,1670.0,,,,
3407,旭化成,1117.5,12.1,3.57,6.7,0.83,旭化成,1117.5,,,,
3415,TOKYO BASE,559.0,26.9,1.07,17.7,4.84,TOKYO BASE,559.0,,,,
3433,トーカロ,2023.0,14.4,3.46,13.7,1.99,トーカロ,2023.0,,,,
3436,SUMCO,1218.0,,1.72,,0.72,SUMCO,1218.0,,,,
3443,川田テクノロジーズ,4165.0,9.6,3.12,8.2,0.79,川田テクノロジーズ,4165.0,,,,
3445,RS Technologies,3205.0,9.6,1.24,12.8,1.28,RS Technologies,3205.0,,,,
3452,ビーロット,1549.0,6.6,4.51,24.4,1.68,ビーロット,1549.0,,,,
3465,ケイアイスター不動産,5010.0,6.4,3.99,20.0,1.29,ケイアイスター不動産,5010.0,,,,
3475,グッドコムアセット,1407.0,10.8,3.19,27.6,3.0,グッドコムアセット,1407.0,,,,
3479,ティーケーピー,1878.0,22.2,0.0,7.7,1.81,ティーケーピー,1878.0,,,,
3480,ジェイ・エス・ビー,4090.0,15.7,2.56,13.2,2.08,ジェイ・エス・ビー,4090.0,,,,
3491,GA technologies,2111.0,27.0,0.0,10.8,2.92,GA technologies,2111.0,,,,
3539,JMホールディングス,3035.0,12.4,1.44,14.7,1.79,JMホールディングス,3035.0,,,,
3543,コメダホールディングス,3110.0,20.9,1.92,14.8,3.07,コメダホールディングス,3110.0,,,,
3546,アレンザホールディングス,1073.0,14.6,3.54,7.2,1.03,アレンザホールディングス,1073.0,,,,
3547,串カツ田中ホールディングス,2147.0,31.8,0.6,21.0,6.67,串カツ田中ホールディングス,2147.0,,,,
3548,バロックジャパンリミテッド,799.0,21.4,4.75,8.6,1.97,バロックジャパンリミテッド,799.0,,,,
3549,クスリのアオキホールディングス,4239.0,27.5,0.37,10.6,2.92,クスリのアオキホールディングス,4239.0,,,,
3558,ジェイドグループ,1466.0,29.6,2.04,9.1,2.57,ジェイドグループ,1466.0,,,,
3561,力の源ホールディングス,1457.0,20.0,1.37,20.5,4.11,力の源ホールディングス,1457.0,,,,
3563,FOOD&LIFE COMPANIES,7820.0,42.1,0.38,24.5,9.58,FOOD&LIFE COMPANIES,7820.0,,,,
3565,アセンテック,1826.0,21.9,1.09,28.4,5.22,アセンテック,1826.0,,,,
3569,セーレン,2822.0,11.5,2.69,10.0,1.17,セーレン,2822.0,,,,
3591,ワコールホールディングス,5956.0,20.3,1.67,7.8,1.57,ワコールホールディングス,5956.0,,,,
3593,ホギメディカル,4985.0,35.5,1.9,4.1,1.45,ホギメディカル,4985.0,,,,
3608,TSIホールディングス,1077.0,14.9,3.71,3.9,0.59,TSIホールディングス,1077.0,,,,
3612,ワールド,2876.0,8.7,3.68,13.8,1.16,ワールド,2876.0,,,,
3626,TIS,4959.0,23.2,1.53,14.3,3.37,TIS,4959.0,,,,
3632,グリーホールディングス,463.0,15.1,3.23,5.6,0.85,グリーホールディングス,463.0,,,,
3633,GMOペパボ,1619.0,15.6,4.13,22.6,3.53,GMOペパボ,1619.0,,,,
3635,コーエーテクモホールディングス,2112.0,24.7,2.03,14.3,3.58,コーエーテクモホールディングス,2112.0,,,,
3636,三菱総合研究所,4905.0,18.8,3.26,5.7,1.09,三菱総合研究所,4905.0,,,,
3649,ファインデックス,761.0,17.1,2.23,19.8,3.22,ファインデックス,761.0,,,,
3655,ブレインパッド,1429.0,24.8,0.55,19.7,4.62,ブレインパッド,1429.0,,,,
3656,KLab,114.0,,0.0,,0.99,KLab,114.0,,,,
3657,ポールトゥウィンホールディングス,372.0,42.4,4.3,2.5,1.15,ポールトゥウィンホールディングス,372.0,,,,
3659,ネクソン,3008.0,22.8,0.99,10.3,2.42,ネクソン,3008.0,,,,
3660,アイスタイル,645.0,24.9,0.15,19.3,4.52,アイスタイル,645.0,,,,
3661,エムアップホールディングス,2260.0,32.0,0.88,32.4,10.41,エムアップホールディングス,2260.0,,,,
3662,エイチームホールディングス,1223.0,22.7,1.79,9.9,2.17,エイチームホールディングス,1223.0,,,,
3665,エニグモ,291.0,35.8,3.43,2.8,1.03,エニグモ,291.0,,,,
3667,enish,113.0,,0.0,,3.7,enish,113.0,,,,
3668,コロプラ,499.0,128.2,4.0,0.7,0.86,コロプラ,499.0,,,,
3672,オルトプラス,71.0,,0.0,,3.47,オルトプラス,71.0,,,,
3673,ブロードリーフ,743.0,66.9,0.67,4.2,2.84,ブロードリーフ,743.0,,,,
3676,デジタルハーツホールディングス,988.0,13.2,2.32,18.5,2.45,デジタルハーツホールディングス,988.0,,,,
3677,経会社情報DIGITAL : 日経電子版,,,,,,経会社情報DIGITAL : 日経電子版,,,,,
3678,メディアドゥ,1770.0,13.4,2.25,11.4,1.51,メディアドゥ,1770.0,,,,
3679,じげん,521.0,12.9,2.11,20.1,2.59,じげん,521.0,,,,
3681,ブイキューブ,153.0,39.6,0.0,,6.06,ブイキューブ,153.0,,,,
3687,フィックスターズ,2008.0,34.0,0.89,25.7,8.75,フィックスターズ,2008.0,,,,
3688,CARTA HOLDINGS,2088.0,29.3,0.0,7.4,2.2,CARTA HOLDINGS,2088.0,,,,
3692,FFRIセキュリティ,6050.0,66.9,0.23,25.6,17.16,FFRIセキュリティ,6050.0,,,,
3694,オプティム,549.0,30.2,0.0,11.9,3.58,オプティム,549.0,,,,
3696,セレス,2396.0,8.2,2.5,30.1,2.66,セレス,2396.0,,,,
3697,SHIFT,1665.0,55.4,0.0,22.1,11.55,SHIFT,1665.0,,,,
3708,特種東海製紙,4230.0,10.0,3.07,6.2,0.62,特種東海製紙,4230.0,,,,
3723,日本ファルコム,1197.0,15.3,0.83,8.0,1.22,日本ファルコム,1197.0,,,,
3738,ィーガイア : 日経会社情報DIGITAL : 日経電子版,,,,,,ィーガイア : 日経会社情報DIGITAL : 日経電子版,,,,,
3750,ADR120S,906.0,113.9,0.0,16.9,19.3,ADR120S,906.0,,,,
3762,テクマトリックス,2160.0,17.7,1.66,20.2,3.59,テクマトリックス,2160.0,,,,
3765,ガンホー・オンライン・エンターテイメント,2967.5,14.7,2.02,8.6,1.35,ガンホー・オンライン・エンターテイメント,2967.5,,,,
3769,GMOペイメントゲートウェイ,8539.0,34.9,1.45,17.8,6.21,GMOペイメントゲートウェイ,8539.0,,,,
3771,システムリサーチ,2100.0,13.7,2.85,21.5,3.09,システムリサーチ,2100.0,,,,
3774,インターネットイニシアティブ,2816.5,21.6,1.38,16.3,3.47,インターネットイニシアティブ,2816.5,,,,
3778,さくらインターネット,3055.0,611.0,0.16,0.7,4.12,さくらインターネット,3055.0,,,,
3784,経会社情報DIGITAL : 日経電子版,,,,,,経会社情報DIGITAL : 日経電子版,,,,,
3788,GMOグローバルサイン・ホールディングス,2214.0,28.8,2.25,9.5,2.74,GMOグローバルサイン・ホールディングス,2214.0,,,,
3817,SRAホールディングス,4750.0,12.2,3.78,15.9,1.93,SRAホールディングス,4750.0,,,,
3834,朝日ネット,693.0,10.8,3.6,12.7,1.37,朝日ネット,693.0,,,,
3835,eBASE,504.0,16.5,3.01,18.6,3.31,eBASE,504.0,,,,
3836,アバントグループ,1519.0,15.8,2.1,22.5,3.55,アバントグループ,1519.0,,,,
3837,アドソル日進,1455.0,20.1,2.54,18.3,3.65,アドソル日進,1455.0,,,,
3844,コムチュア,1773.0,17.0,2.82,18.0,3.06,コムチュア,1773.0,,,,
3852,経会社情報DIGITAL : 日経電子版,,,,,,経会社情報DIGITAL : 日経電子版,,,,,
3854,アイル,2874.0,21.8,1.63,44.3,7.72,アイル,2874.0,,,,
3857,ック : 日経会社情報DIGITAL : 日経電子版,,,,,,ック : 日経会社情報DIGITAL : 日経電子版,,,,,
3861,,,,,,,,,,,,
3863,,,,,,,,,,,,
3865,,,,,,,,,,,,
3880,,,,,,,,,,,,
3891,,,,,,,,,,,,
3896,,,,,,,,,,,,
3901,,,,,,,,,,,,
3902,,,,,,,,,,,,
3903,,,,,,,,,,,,
3914,,,,,,,,,,,,
3915,,,,,,,,,,,,
3916,,,,,,,,,,,,
3921,,,,,,,,,,,,
3922,,,,,,,,,,,,
3923,,,,,,,,,,,,
3925,,,,,,,,,,,,
3926,,,,,,,,,,,,
3932,,,,,,,,,,,,
3933,,,,,,,,,,,,
3937,,,,,,,,,,,,
3939,,,,,,,,,,,,
3941,,,,,,,,,,,,
3962,,,,,,,,,,,,
3964,,,,,,,,,,,,
3969,,,,,,,,,,,,
3978,,,,,,,,,,,,
3983,,,,,,,,,,,,
3984,,,,,,,,,,,,
3990,,,,,,,,,,,,
3993,,,,,,,,,,,,
3994,,,,,,,,,,,,
3996,,,,,,,,,,,,
3998,,,,,,,,,,,,
4004,,,,,,,,,,,,
4005,,,,,,,,,,,,
4008,,,,,,,,,,,,
4017,,,,,,,,,,,,
4021,,,,,,,,,,,,
4022,,,,,,,,,,,,
4023,,,,,,,,,,,,
4025,,,,,,,,,,,,
4026,,,,,,,,,,,,
4028,,,,,,,,,,,,
4041,,,,,,,,,,,,
4042,,,,,,,,,,,,
4043,,,,,,,,,,,,
4044,,,,,,,,,,,,
4045,,,,,,,,,,,,
4046,,,,,,,,,,,,
4047,,,,,,,,,,,,
4051,,,,,,,,,,,,
4053,,,,,,,,,,,,
4055,,,,,,,,,,,,
4056,,,,,,,,,,,,
4058,,,,,,,,,,,,
4061,,,,,,,,,,,,
4062,,,,,,,,,,,,
4063,,,,,,,,,,,,
4071,,,,,,,,,,,,
4072,,,,,,,,,,,,
4078,,,,,,,,,,,,
4080,,,,,,,,,,,,
4082,,,,,,,,,,,,
4088,,,,,,,,,,,,
4091,,,,,,,,,,,,
4092,,,,,,,,,,,,
4095,,,,,,,,,,,,
4097,,,,,,,,,,,,
4109,,,,,,,,,,,,
4112,,,,,,,,,,,,
4114,,,,,,,,,,,,
4118,,,,,,,,,,,,
4125,,,,,,,,,,,,
4151,,,,,,,,,,,,
4167,,,,,,,,,,,,
4170,,,,,,,,,,,,
4175,,,,,,,,,,,,
4176,,,,,,,,,,,,
4177,,,,,,,,,,,,
4180,,,,,,,,,,,,
4182,,,,,,,,,,,,
4183,,,,,,,,,,,,
4185,,,,,,,,,,,,
4186,,,,,,,,,,,,
4187,,,,,,,,,,,,
4188,,,,,,,,,,,,
4189,,,,,,,,,,,,
4192,,,,,,,,,,,,
4193,,,,,,,,,,,,
4194,,,,,,,,,,,,
4202,,,,,,,,,,,,
4203,,,,,,,,,,,,
4204,,,,,,,,,,,,
4205,,,,,,,,,,,,
4206,,,,,,,,,,,,
4208,,,,,,,,,,,,
4212,,,,,,,,,,,,
4215,,,,,,,,,,,,
4216,,,,,,,,,,,,
4218,,,,,,,,,,,,
4220,,,,,,,,,,,,
4228,,,,,,,,,,,,
4246,,,,,,,,,,,,
4259,,,,,,,,,,,,
4272,,,,,,,,,,,,
4290,,,,,,,,,,,,
4293,,,,,,,,,,,,
4298,,,,,,,,,,,,
4301,,,,,,,,,,,,
4307,,,,,,,,,,,,
4308,,,,,,,,,,,,
4312,,,,,,,,,,,,
4318,,,,,,,,,,,,
4324,,,,,,,,,,,,
4326,,,,,,,,,,,,
4337,,,,,,,,,,,,
4343,,,,,,,,,,,,
4344,,,,,,,,,,,,
4345,,,,,,,,,,,,
4348,,,,,,,,,,,,
4350,,,,,,,,,,,,
4362,,,,,,,,,,,,
4368,,,,,,,,,,,,
4369,,,,,,,,,,,,
4371,,,,,,,,,,,,
4373,,,,,,,,,,,,
4375,,,,,,,,,,,,
4377,,,,,,,,,,,,
4382,,,,,,,,,,,,
4384,,,,,,,,,,,,
4385,,,,,,,,,,,,
4388,,,,,,,,,,,,
4396,,,,,,,,,,,,
4397,,,,,,,,,,,,
4401,,,,,,,,,,,,
4403,,,,,,,,,,,,
4412,,,,,,,,,,,,
4413,,,,,,,,,,,,
4419,,,,,,,,,,,,
4420,,,,,,,,,,,,
4424,,,,,,,,,,,,
4425,,,,,,,,,,,,
4427,,,,,,,,,,,,
4429,,,,,,,,,,,,
4431,,,,,,,,,,,,
4432,,,,,,,,,,,,
4433,,,,,,,,,,,,
4434,,,,,,,,,,,,
4436,,,,,,,,,,,,
4438,,,,,,,,,,,,
4441,,,,,,,,,,,,
4442,,,,,,,,,,,,
4443,,,,,,,,,,,,
4446,,,,,,,,,,,,
4448,,,,,,,,,,,,
4449,,,,,,,,,,,,
4452,,,,,,,,,,,,
4461,,,,,,,,,,,,
4471,,,,,,,,,,,,
4475,,,,,,,,,,,,
4477,,,,,,,,,,,,
4478,,,,,,,,,,,,
4479,,,,,,,,,,,,
4480,,,,,,,,,,,,
4481,,,,,,,,,,,,
4483,,,,,,,,,,,,
4485,,,,,,,,,,,,
4490,,,,,,,,,,,,
4493,,,,,,,,,,,,
4495,,,,,,,,,,,,
4498,,,,,,,,,,,,
4499,,,,,,,,,,,,
4502,,,,,,,,,,,,
4503,,,,,,,,,,,,
4506,,,,,,,,,,,,
4507,,,,,,,,,,,,
4516,,,,,,,,,,,,
4519,,,,,,,,,,,,
4521,,,,,,,,,,,,
4523,,,,,,,,,,,,
4526,,,,,,,,,,,,
4527,,,,,,,,,,,,
4528,,,,,,,,,,,,
4530,,,,,,,,,,,,
4534,,,,,,,,,,,,
4536,,,,,,,,,,,,
4540,,,,,,,,,,,,
4543,,,,,,,,,,,,
4544,,,,,,,,,,,,
4547,,,,,,,,,,,,
4548,,,,,,,,,,,,
4549,,,,,,,,,,,,
4551,,,,,,,,,,,,
4552,,,,,,,,,,,,
4553,,,,,,,,,,,,
4554,,,,,,,,,,,,
4559,,,,,,,,,,,,
4563,,,,,,,,,,,,
4565,,,,,,,,,,,,
4568,,,,,,,,,,,,
4569,,,,,,,,,,,,
4572,,,,,,,,,,,,
4574,,,,,,,,,,,,
4578,,,,,,,,,,,,
4579,,,,,,,,,,,,
4581,,,,,,,,,,,,
4582,,,,,,,,,,,,
4587,,,,,,,,,,,,
4588,,,,,,,,,,,,
4592,,,,,,,,,,,,
4593,,,,,,,,,,,,
4595,,,,,,,,,,,,
4599,,,,,,,,,,,,
4611,,,,,,,,,,,,
4612,,,,,,,,,,,,
4613,,,,,,,,,,,,
4617,,,,,,,,,,,,
4626,,,,,,,,,,,,
4631,,,,,,,,,,,,
4633,,,,,,,,,,,,
4634,,,,,,,,,,,,
4641,,,,,,,,,,,,
4661,,,,,,,,,,,,
4665,,,,,,,,,,,,
4666,,,,,,,,,,,,
4674,,,,,,,,,,,,
4676,,,,,,,,,,,,
4680,,,,,,,,,,,,
4681,,,,,,,,,,,,
4684,,,,,,,,,,,,
4686,,,,,,,,,,,,
4689,,,,,,,,,,,,
4694,,,,,,,,,,,,
4704,,,,,,,,,,,,
4714,,,,,,,,,,,,
4716,,,,,,,,,,,,
4722,,,,,,,,,,,,
4726,,,,,,,,,,,,
4732,,,,,,,,,,,,
4733,,,,,,,,,,,,
4739,,,,,,,,,,,,
4743,,,,,,,,,,,,
4745,,,,,,,,,,,,
4751,,,,,,,,,,,,
4763,,,,,,,,,,,,
4765,,,,,,,,,,,,
4768,,,,,,,,,,,,
4776,,,,,,,,,,,,
4812,,,,,,,,,,,,
4813,,,,,,,,,,,,
4816,,,,,,,,,,,,
4819,,,,,,,,,,,,
4820,,,,,,,,,,,,
4825,,,,,,,,,,,,
4848,,,,,,,,,,,,
4849,,,,,,,,,,,,
4880,,,,,,,,,,,,
4883,,,,,,,,,,,,
4886,,,,,,,,,,,,
4887,,,,,,,,,,,,
4901,,,,,,,,,,,,
4902,,,,,,,,,,,,
4911,,,,,,,,,,,,
4912,,,,,,,,,,,,
4917,,,,,,,,,,,,
4919,,,,,,,,,,,,
4921,,,,,,,,,,,,
4922,,,,,,,,,,,,
4927,,,,,,,,,,,,
4928,,,,,,,,,,,,
4931,,,,,,,,,,,,
4933,,,,,,,,,,,,
4934,,,,,,,,,,,,
4936,,,,,,,,,,,,
4951,,,,,,,,,,,,
4956,,,,,,,,,,,,
4958,,,,,,,,,,,,
4963,,,,,,,,,,,,
4967,,,,,,,,,,,,
4970,,,,,,,,,,,,
4971,,,,,,,,,,,,
4974,,,,,,,,,,,,
4975,,,,,,,,,,,,
4978,,,,,,,,,,,,
4980,,,,,,,,,,,,
4985,,,,,,,,,,,,
4992,,,,,,,,,,,,
4996,,,,,,,,,,,,
4997,,,,,,,,,,,,
4998,,,,,,,,,,,,
5011,,,,,,,,,,,,
5017,,,,,,,,,,,,
5019,,,,,,,,,,,,
5020,,,,,,,,,,,,
5021,,,,,,,,,,,,
5032,,,,,,,,,,,,
5036,,,,,,,,,,,,
5074,,,,,,,,,,,,
5076,,,,,,,,,,,,
5101,,,,,,,,,,,,
5105,,,,,,,,,,,,
5108,,,,,,,,,,,,
5110,,,,,,,,,,,,
5122,,,,,,,,,,,,
5142,,,,,,,,,,,,
5186,,,,,,,,,,,,
5191,,,,,,,,,,,,
5192,,,,,,,,,,,,
5195,,,,,,,,,,,,
5201,,,,,,,,,,,,
5202,,,,,,,,,,,,
5208,,,,,,,,,,,,
5214,,,,,,,,,,,,
5218,,,,,,,,,,,,
5232,,,,,,,,,,,,
5233,,,,,,,,,,,,
5273,,,,,,,,,,,,
5288,,,,,,,,,,,,
5290,,,,,,,,,,,,
5301,,,,,,,,,,,,
5302,,,,,,,,,,,,
5310,,,,,,,,,,,,
5331,,,,,,,,,,,,
5332,,,,,,,,,,,,
5333,,,,,,,,,,,,
5334,,,,,,,,,,,,
5344,,,,,,,,,,,,
5351,,,,,,,,,,,,
5352,,,,,,,,,,,,
5357,,,,,,,,,,,,
5384,,,,,,,,,,,,
5393,,,,,,,,,,,,
5401,,,,,,,,,,,,
5406,,,,,,,,,,,,
5408,,,,,,,,,,,,
5410,,,,,,,,,,,,
5411,,,,,,,,,,,,
5423,,,,,,,,,,,,
5440,,,,,,,,,,,,
5444,,,,,,,,,,,,
5449,,,,,,,,,,,,
5451,,,,,,,,,,,,
5463,,,,,,,,,,,,
5471,,,,,,,,,,,,
5480,,,,,,,,,,,,
5481,,,,,,,,,,,,
5482,,,,,,,,,,,,
5541,,,,,,,,,,,,
5563,,,,,,,,,,,,
5602,,,,,,,,,,,,
5631,,,,,,,,,,,,
5659,,,,,,,,,,,,
5702,,,,,,,,,,,,
5703,,,,,,,,,,,,
5706,,,,,,,,,,,,
5707,,,,,,,,,,,,
5711,,,,,,,,,,,,
5713,,,,,,,,,,,,
5714,,,,,,,,,,,,
5715,,,,,,,,,,,,
5726,,,,,,,,,,,,
5727,,,,,,,,,,,,
5741,,,,,,,,,,,,
5759,,,,,,,,,,,,
5801,,,,,,,,,,,,
5802,,,,,,,,,,,,
5803,,,,,,,,,,,,
5805,,,,,,,,,,,,
5830,,,,,,,,,,,,
5831,,,,,,,,,,,,
5832,,,,,,,,,,,,
5851,,,,,,,,,,,,
5857,,,,,,,,,,,,
5901,,,,,,,,,,,,
5911,,,,,,,,,,,,
5929,,,,,,,,,,,,
5930,,,,,,,,,,,,
5932,,,,,,,,,,,,
5938,,,,,,,,,,,,
5943,,,,,,,,,,,,
5947,,,,,,,,,,,,
5949,,,,,,,,,,,,
5957,,,,,,,,,,,,
5959,,,,,,,,,,,,
5970,,,,,,,,,,,,
5975,,,,,,,,,,,,
5976,,,,,,,,,,,,
5986,,,,,,,,,,,,
5988,,,,,,,,,,,,
5989,,,,,,,,,,,,
5991,,,,,,,,,,,,
5992,,,,,,,,,,,,
6005,,,,,,,,,,,,
6013,,,,,,,,,,,,
6027,,,,,,,,,,,,
6028,,,,,,,,,,,,
6035,,,,,,,,,,,,
6036,,,,,,,,,,,,
6049,,,,,,,,,,,,
6050,,,,,,,,,,,,
6055,,,,,,,,,,,,
6058,,,,,,,,,,,,
6062,,,,,,,,,,,,
6070,,,,,,,,,,,,
6071,,,,,,,,,,,,
6078,,,,,,,,,,,,
6080,,,,,,,,,,,,
6082,,,,,,,,,,,,
6088,,,,,,,,,,,,
6089,,,,,,,,,,,,
6094,,,,,,,,,,,,
6095,,,,,,,,,,,,
6096,,,,,,,,,,,,
6098,,,,,,,,,,,,
6099,,,,,,,,,,,,
6101,,,,,,,,,,,,
6103,,,,,,,,,,,,
6104,,,,,,,,,,,,
6113,,,,,,,,,,,,
6118,,,,,,,,,,,,
6125,,,,,,,,,,,,
6134,,,,,,,,,,,,
6135,,,,,,,,,,,,
6136,,,,,,,,,,,,
6140,,,,,,,,,,,,
6141,,,,,,,,,,,,
6143,,,,,,,,,,,,
6145,,,,,,,,,,,,
6146,,,,,,,,,,,,
6167,,,,,,,,,,,,
6178,,,,,,,,,,,,
6182,,,,,,,,,,,,
6183,,,,,,,,,,,,
6184,,,,,,,,,,,,
6191,,,,,,,,,,,,
6194,,,,,,,,,,,,
6196,,,,,,,,,,,,
6197,,,,,,,,,,,,
6199,,,,,,,,,,,,
6200,,,,,,,,,,,,
6201,,,,,,,,,,,,
6222,,,,,,,,,,,,
6226,,,,,,,,,,,,
6232,,,,,,,,,,,,
6235,,,,,,,,,,,,
6238,,,,,,,,,,,,
6240,,,,,,,,,,,,
6245,,,,,,,,,,,,
6250,,,,,,,,,,,,
6254,,,,,,,,,,,,
6258,,,,,,,,,,,,
6262,,,,,,,,,,,,
6264,,,,,,,,,,,,
6266,,,,,,,,,,,,
6268,,,,,,,,,,,,
6269,,,,,,,,,,,,
6272,,,,,,,,,,,,
6273,,,,,,,,,,,,
6277,,,,,,,,,,,,
6278,,,,,,,,,,,,
6282,,,,,,,,,,,,
6284,,,,,,,,,,,,
6287,,,,,,,,,,,,
6289,,,,,,,,,,,,
6293,,,,,,,,,,,,
6298,,,,,,,,,,,,
6301,,,,,,,,,,,,
6302,,,,,,,,,,,,
6305,,,,,,,,,,,,
6306,,,,,,,,,,,,
6310,,,,,,,,,,,,
6315,,,,,,,,,,,,
6323,,,,,,,,,,,,
6324,,,,,,,,,,,,
6326,,,,,,,,,,,,
6328,,,,,,,,,,,,
6330,,,,,,,,,,,,
6339,,,,,,,,,,,,
6340,,,,,,,,,,,,
6345,,,,,,,,,,,,
6349,,,,,,,,,,,,
6356,,,,,,,,,,,,
6358,,,,,,,,,,,,
6361,,,,,,,,,,,,
6363,,,,,,,,,,,,
6366,,,,,,,,,,,,
6367,,,,,,,,,,,,
6368,,,,,,,,,,,,
6369,,,,,,,,,,,,
6370,,,,,,,,,,,,
6371,,,,,,,,,,,,
6376,,,,,,,,,,,,
6379,,,,,,,,,,,,
6383,,,,,,,,,,,,
6387,,,,,,,,,,,,
6395,,,,,,,,,,,,
6406,,,,,,,,,,,,
6407,,,,,,,,,,,,
6412,,,,,,,,,,,,
6417,,,,,,,,,,,,
6418,,,,,,,,,,,,
6419,,,,,,,,,,,,
6420,,,,,,,,,,,,
6425,,,,,,,,,,,,
6430,,,,,,,,,,,,
6432,,,,,,,,,,,,
6436,,,,,,,,,,,,
6440,,,,,,,,,,,,
6444,,,,,,,,,,,,
6448,,,,,,,,,,,,
6454,,,,,,,,,,,,
6455,,,,,,,,,,,,
6457,,,,,,,,,,,,
6458,,,,,,,,,,,,
6459,,,,,,,,,,,,
6460,,,,,,,,,,,,
6463,,,,,,,,,,,,
6464,,,,,,,,,,,,
6465,,,,,,,,,,,,
6470,,,,,,,,,,,,
6471,,,,,,,,,,,,
6472,,,,,,,,,,,,
6473,,,,,,,,,,,,
6474,,,,,,,,,,,,
6479,,,,,,,,,,,,
6480,,,,,,,,,,,,
6481,,,,,,,,,,,,
6486,,,,,,,,,,,,
6490,,,,,,,,,,,,
6498,,,,,,,,,,,,
6501,,,,,,,,,,,,
6503,,,,,,,,,,,,
6504,,,,,,,,,,,,
6506,,,,,,,,,,,,
6507,,,,,,,,,,,,
6508,,,,,,,,,,,,
6516,,,,,,,,,,,,
6521,,,,,,,,,,,,
6522,,,,,,,,,,,,
6523,,,,,,,,,,,,
6526,,,,,,,,,,,,
6532,,,,,,,,,,,,
6533,,,,,,,,,,,,
6535,,,,,,,,,,,,
6538,,,,,,,,,,,,
6539,,,,,,,,,,,,
6544,,,,,,,,,,,,
6556,,,,,,,,,,,,
6560,,,,,,,,,,,,
6564,,,,,,,,,,,,
6569,,,,,,,,,,,,
6571,,,,,,,,,,,,
6572,,,,,,,,,,,,
6584,,,,,,,,,,,,
6586,,,,,,,,,,,,
6588,,,,,,,,,,,,
6590,,,,,,,,,,,,
6592,,,,,,,,,,,,
6594,,,,,,,,,,,,
6615,,,,,,,,,,,,
6616,,,,,,,,,,,,
6617,,,,,,,,,,,,
6619,,,,,,,,,,,,
6622,,,,,,,,,,,,
6629,,,,,,,,,,,,
6630,,,,,,,,,,,,
6632,,,,,,,,,,,,
6638,,,,,,,,,,,,
6640,,,,,,,,,,,,
6644,,,,,,,,,,,,
6645,,,,,,,,,,,,
6651,,,,,,,,,,,,
6652,,,,,,,,,,,,
6653,,,,,,,,,,,,
6670,,,,,,,,,,,,
6674,,,,,,,,,,,,
6676,,,,,,,,,,,,
6699,,,,,,,,,,,,
6701,,,,,,,,,,,,
6702,,,,,,,,,,,,
6703,,,,,,,,,,,,
6706,,,,,,,,,,,,
6707,,,,,,,,,,,,
6723,,,,,,,,,,,,
6724,,,,,,,,,,,,
6727,,,,,,,,,,,,
6728,,,,,,,,,,,,
6730,,,,,,,,,,,,
6736,,,,,,,,,,,,
6737,,,,,,,,,,,,
6740,,,,,,,,,,,,
6741,,,,,,,,,,,,
6742,,,,,,,,,,,,
6744,,,,,,,,,,,,
6750,,,,,,,,,,,,
6752,,,,,,,,,,,,
6753,,,,,,,,,,,,
6754,,,,,,,,,,,,
6755,,,,,,,,,,,,
6758,,,,,,,,,,,,
6762,,,,,,,,,,,,
6768,,,,,,,,,,,,
6770,,,,,,,,,,,,
6777,,,,,,,,,,,,
6778,,,,,,,,,,,,
6779,,,,,,,,,,,,
6787,,,,,,,,,,,,
6789,,,,,,,,,,,,
6794,,,,,,,,,,,,
6800,,,,,,,,,,,,
6804,,,,,,,,,,,,
6806,,,,,,,,,,,,
6807,,,,,,,,,,,,
6810,,,,,,,,,,,,
6814,,,,,,,,,,,,
6823,,,,,,,,,,,,
6834,,,,,,,,,,,,
6841,,,,,,,,,,,,
6844,,,,,,,,,,,,
6845,,,,,,,,,,,,
6849,,,,,,,,,,,,
6855,,,,,,,,,,,,
6856,,,,,,,,,,,,
6857,,,,,,,,,,,,
6859,,,,,,,,,,,,
6861,,,,,,,,,,,,
6866,,,,,,,,,,,,
6869,,,,,,,,,,,,
6871,,,,,,,,,,,,
6875,,,,,,,,,,,,
6877,,,,,,,,,,,,
6890,,,,,,,,,,,,
6902,,,,,,,,,,,,
6904,,,,,,,,,,,,
6905,,,,,,,,,,,,
6908,,,,,,,,,,,,
6914,,,,,,,,,,,,
6920,,,,,,,,,,,,
6923,,,,,,,,,,,,
6925,,,,,,,,,,,,
6927,,,,,,,,,,,,
6929,,,,,,,,,,,,
6937,,,,,,,,,,,,
6941,,,,,,,,,,,,
6951,,,,,,,,,,,,
6952,,,,,,,,,,,,
6954,,,,,,,,,,,,
6955,,,,,,,,,,,,
6958,,,,,,,,,,,,
6961,,,,,,,,,,,,
6962,,,,,,,,,,,,
6963,,,,,,,,,,,,
6965,,,,,,,,,,,,
6966,,,,,,,,,,,,
6967,,,,,,,,,,,,
6971,,,,,,,,,,,,
6976,,,,,,,,,,,,
6981,,,,,,,,,,,,
6986,,,,,,,,,,,,
6988,,,,,,,,,,,,
6995,,,,,,,,,,,,
6996,,,,,,,,,,,,
6997,,,,,,,,,,,,
6999,,,,,,,,,,,,
7003,,,,,,,,,,,,
7004,,,,,,,,,,,,
7011,,,,,,,,,,,,
7012,,,,,,,,,,,,
7013,,,,,,,,,,,,
7014,,,,,,,,,,,,
7033,,,,,,,,,,,,
7034,,,,,,,,,,,,
7038,,,,,,,,,,,,
7044,,,,,,,,,,,,
7048,,,,,,,,,,,,
7061,,,,,,,,,,,,
7065,,,,,,,,,,,,
7068,,,,,,,,,,,,
7071,,,,,,,,,,,,
7085,,,,,,,,,,,,
7088,,,,,,,,,,,,
7092,,,,,,,,,,,,
7094,,,,,,,,,,,,
7095,,,,,,,,,,,,
7096,,,,,,,,,,,,
7105,,,,,,,,,,,,
7128,,,,,,,,,,,,
7133,,,,,,,,,,,,
7148,,,,,,,,,,,,
7157,,,,,,,,,,,,
7164,,,,,,,,,,,,
7167,,,,,,,,,,,,
7172,,,,,,,,,,,,
7173,,,,,,,,,,,,
7177,,,,,,,,,,,,
7180,,,,,,,,,,,,
7181,,,,,,,,,,,,
7182,,,,,,,,,,,,
7184,,,,,,,,,,,,
7186,,,,,,,,,,,,
7187,,,,,,,,,,,,
7189,,,,,,,,,,,,
7192,,,,,,,,,,,,
7198,,,,,,,,,,,,
7199,,,,,,,,,,,,
7201,,,,,,,,,,,,
7202,,,,,,,,,,,,
7203,,,,,,,,,,,,
7205,,,,,,,,,,,,
7211,,,,,,,,,,,,
7220,,,,,,,,,,,,
7222,,,,,,,,,,,,
7224,,,,,,,,,,,,
7226,,,,,,,,,,,,
7231,,,,,,,,,,,,
7236,,,,,,,,,,,,
7239,,,,,,,,,,,,
7240,,,,,,,,,,,,
7241,,,,,,,,,,,,
7242,,,,,,,,,,,,
7244,,,,,,,,,,,,
7245,,,,,,,,,,,,
7246,,,,,,,,,,,,
7250,,,,,,,,,,,,
7256,,,,,,,,,,,,
7259,,,,,,,,,,,,
7261,,,,,,,,,,,,
7267,,,,,,,,,,,,
7269,,,,,,,,,,,,
7270,,,,,,,,,,,,
7271,,,,,,,,,,,,
7272,,,,,,,,,,,,
7276,,,,,,,,,,,,
7278,,,,,,,,,,,,
7279,,,,,,,,,,,,
7280,,,,,,,,,,,,
7282,,,,,,,,,,,,
7283,,,,,,,,,,,,
7287,,,,,,,,,,,,
7294,,,,,,,,,,,,
7296,,,,,,,,,,,,
7309,,,,,,,,,,,,
7313,,,,,,,,,,,,
7315,,,,,,,,,,,,
7322,,,,,,,,,,,,
7327,,,,,,,,,,,,
7337,,,,,,,,,,,,
7342,,,,,,,,,,,,
7354,,,,,,,,,,,,
7358,,,,,,,,,,,,
7370,,,,,,,,,,,,
7373,,,,,,,,,,,,
7379,,,,,,,,,,,,
7380,,,,,,,,,,,,
7381,,,,,,,,,,,,
7383,,,,,,,,,,,,
7408,,,,,,,,,,,,
7412,,,,,,,,,,,,
7419,,,,,,,,,,,,
7420,,,,,,,,,,,,
7421,,,,,,,,,,,,
7433,,,,,,,,,,,,
7447,,,,,,,,,,,,
7451,,,,,,,,,,,,
7453,,,,,,,,,,,,
7456,,,,,,,,,,,,
7458,,,,,,,,,,,,
7459,,,,,,,,,,,,
7463,,,,,,,,,,,,
7476,,,,,,,,,,,,
7483,,,,,,,,,,,,
7494,,,,,,,,,,,,
7508,,,,,,,,,,,,
7512,,,,,,,,,,,,
7513,,,,,,,,,,,,
7516,,,,,,,,,,,,
7518,,,,,,,,,,,,
7522,,,,,,,,,,,,
7532,,,,,,,,,,,,
7537,,,,,,,,,,,,
7545,,,,,,,,,,,,
7550,,,,,,,,,,,,
7552,,,,,,,,,,,,
7554,,,,,,,,,,,,
7564,,,,,,,,,,,,
7575,,,,,,,,,,,,
7581,,,,,,,,,,,,
7593,,,,,,,,,,,,
7595,,,,,,,,,,,,
7599,,,,,,,,,,,,
7600,,,,,,,,,,,,
7601,,,,,,,,,,,,
7605,,,,,,,,,,,,
7606,,,,,,,,,,,,
7611,,,,,,,,,,,,
7613,,,,,,,,,,,,
7616,,,,,,,,,,,,
7630,,,,,,,,,,,,
7638,,,,,,,,,,,,
7649,,,,,,,,,,,,
7679,,,,,,,,,,,,
7701,,,,,,,,,,,,
7702,,,,,,,,,,,,
7715,,,,,,,,,,,,
7716,,,,,,,,,,,,
7717,,,,,,,,,,,,
7718,,,,,,,,,,,,
7725,,,,,,,,,,,,
7727,,,,,,,,,,,,
7729,,,,,,,,,,,,
7730,,,,,,,,,,,,
7731,,,,,,,,,,,,
7732,,,,,,,,,,,,
7733,,,,,,,,,,,,
7734,,,,,,,,,,,,
7735,,,,,,,,,,,,
7739,,,,,,,,,,,,
7740,,,,,,,,,,,,
7741,,,,,,,,,,,,
7744,,,,,,,,,,,,
7745,,,,,,,,,,,,
7747,,,,,,,,,,,,
7751,,,,,,,,,,,,
7752,,,,,,,,,,,,
7762,,,,,,,,,,,,
7774,,,,,,,,,,,,
7779,,,,,,,,,,,,
7780,,,,,,,,,,,,
7803,,,,,,,,,,,,
7806,,,,,,,,,,,,
7817,,,,,,,,,,,,
7818,,,,,,,,,,,,
7820,,,,,,,,,,,,
7821,,,,,,,,,,,,
7826,,,,,,,,,,,,
7832,,,,,,,,,,,,
7839,,,,,,,,,,,,
7840,,,,,,,,,,,,
7844,,,,,,,,,,,,
7846,,,,,,,,,,,,
7856,,,,,,,,,,,,
7860,,,,,,,,,,,,
7864,,,,,,,,,,,,
7867,,,,,,,,,,,,
7868,,,,,,,,,,,,
7874,,,,,,,,,,,,
7888,,,,,,,,,,,,
7905,,,,,,,,,,,,
7906,,,,,,,,,,,,
7911,,,,,,,,,,,,
7912,,,,,,,,,,,,
7915,,,,,,,,,,,,
7917,,,,,,,,,,,,
7921,,,,,,,,,,,,
7936,,,,,,,,,,,,
7942,,,,,,,,,,,,
7943,,,,,,,,,,,,
7944,,,,,,,,,,,,
7947,,,,,,,,,,,,
7951,,,,,,,,,,,,
7955,,,,,,,,,,,,
7956,,,,,,,,,,,,
7965,,,,,,,,,,,,
7966,,,,,,,,,,,,
7970,,,,,,,,,,,,
7974,,,,,,,,,,,,
7981,,,,,,,,,,,,
7984,,,,,,,,,,,,
7988,,,,,,,,,,,,
7990,,,,,,,,,,,,
7994,,,,,,,,,,,,
7995,,,,,,,,,,,,
8001,,,,,,,,,,,,
8002,,,,,,,,,,,,
8005,,,,,,,,,,,,
8008,,,,,,,,,,,,
8012,,,,,,,,,,,,
8014,,,,,,,,,,,,
8015,,,,,,,,,,,,
8016,,,,,,,,,,,,
8020,,,,,,,,,,,,
8022,,,,,,,,,,,,
8031,,,,,,,,,,,,
8032,,,,,,,,,,,,
8035,,,,,,,,,,,,
8050,,,,,,,,,,,,
8051,,,,,,,,,,,,
8053,,,,,,,,,,,,
8056,,,,,,,,,,,,
8057,,,,,,,,,,,,
8058,,,,,,,,,,,,
8059,,,,,,,,,,,,
8060,,,,,,,,,,,,
8068,,,,,,,,,,,,
8070,,,,,,,,,,,,
8074,,,,,,,,,,,,
8075,,,,,,,,,,,,
8078,,,,,,,,,,,,
8079,,,,,,,,,,,,
8084,,,,,,,,,,,,
8086,,,,,,,,,,,,
8088,,,,,,,,,,,,
8093,,,,,,,,,,,,
8095,,,,,,,,,,,,
8097,,,,,,,,,,,,
8098,,,,,,,,,,,,
8101,,,,,,,,,,,,
8111,,,,,,,,,,,,
8113,,,,,,,,,,,,
8114,,,,,,,,,,,,
8125,,,,,,,,,,,,
8129,,,,,,,,,,,,
8130,,,,,,,,,,,,
8133,,,,,,,,,,,,
8136,,,,,,,,,,,,
8140,,,,,,,,,,,,
8141,,,,,,,,,,,,
8151,,,,,,,,,,,,
8153,,,,,,,,,,,,
8154,,,,,,,,,,,,
8155,,,,,,,,,,,,
8157,,,,,,,,,,,,
8159,,,,,,,,,,,,
8160,,,,,,,,,,,,
8163,,,,,,,,,,,,
8167,,,,,,,,,,,,
8168,,,,,,,,,,,,
8173,,,,,,,,,,,,
8174,,,,,,,,,,,,
8179,,,,,,,,,,,,
8182,,,,,,,,,,,,
8185,,,,,,,,,,,,
8194,,,,,,,,,,,,
8200,,,,,,,,,,,,
8203,,,,,,,,,,,,
8214,,,,,,,,,,,,
8217,,,,,,,,,,,,
8218,,,,,,,,,,,,
8219,,,,,,,,,,,,
8227,,,,,,,,,,,,
8233,,,,,,,,,,,,
8237,,,,,,,,,,,,
8242,,,,,,,,,,,,
8252,,,,,,,,,,,,
8253,,,,,,,,,,,,
8255,,,,,,,,,,,,
8267,,,,,,,,,,,,
8273,,,,,,,,,,,,
8276,,,,,,,,,,,,
8278,,,,,,,,,,,,
8279,,,,,,,,,,,,
8281,,,,,,,,,,,,
8282,,,,,,,,,,,,
8283,,,,,,,,,,,,
8285,,,,,,,,,,,,
8303,,,,,,,,,,,,
8304,,,,,,,,,,,,
8306,,,,,,,,,,,,
8308,,,,,,,,,,,,
8309,,,,,,,,,,,,
8316,,,,,,,,,,,,
8331,,,,,,,,,,,,
8334,,,,,,,,,,,,
8336,,,,,,,,,,,,
8341,,,,,,,,,,,,
8344,,,,,,,,,,,,
8345,,,,,,,,,,,,
8354,,,,,,,,,,,,
8358,,,,,,,,,,,,
8359,,,,,,,,,,,,
8360,,,,,,,,,,,,
8361,,,,,,,,,,,,
8366,,,,,,,,,,,,
8367,,,,,,,,,,,,
8368,,,,,,,,,,,,
8369,,,,,,,,,,,,
8370,,,,,,,,,,,,
8377,,,,,,,,,,,,
8381,,,,,,,,,,,,
8386,,,,,,,,,,,,
8387,,,,,,,,,,,,
8388,,,,,,,,,,,,
8392,,,,,,,,,,,,
8393,,,,,,,,,,,,
8399,,,,,,,,,,,,
8410,,,,,,,,,,,,
8411,,,,,,,,,,,,
8418,,,,,,,,,,,,
8424,,,,,,,,,,,,
8425,,,,,,,,,,,,
8439,,,,,,,,,,,,
8473,,,,,,,,,,,,
8511,,,,,,,,,,,,
8515,,,,,,,,,,,,
8522,,,,,,,,,,,,
8541,,,,,,,,,,,,
8544,,,,,,,,,,,,
8566,,,,,,,,,,,,
8570,,,,,,,,,,,,
8572,,,,,,,,,,,,
8584,,,,,,,,,,,,
8591,,,,,,,,,,,,
8593,,,,,,,,,,,,
8595,,,,,,,,,,,,
8601,,,,,,,,,,,,
8609,,,,,,,,,,,,
8613,,,,,,,,,,,,
8616,,,,,,,,,,,,
8622,,,,,,,,,,,,
8624,,,,,,,,,,,,
8628,,,,,,,,,,,,
8630,,,,,,,,,,,,
8697,,,,,,,,,,,,
8698,,,,,,,,,,,,
8699,,,,,,,,,,,,
8706,,,,,,,,,,,,
8707,,,,,,,,,,,,
8714,,,,,,,,,,,,
8715,,,,,,,,,,,,
8725,,,,,,,,,,,,
8750,,,,,,,,,,,,
8766,,,,,,,,,,,,
8771,,,,,,,,,,,,
8793,,,,,,,,,,,,
8795,,,,,,,,,,,,
8798,,,,,,,,,,,,
8801,,,,,,,,,,,,
8802,,,,,,,,,,,,
8803,,,,,,,,,,,,
8804,,,,,,,,,,,,
8818,,,,,,,,,,,,
8830,,,,,,,,,,,,
8841,,,,,,,,,,,,
8848,,,,,,,,,,,,
8850,,,,,,,,,,,,
8860,,,,,,,,,,,,
8864,,,,,,,,,,,,
8871,,,,,,,,,,,,
8876,,,,,,,,,,,,
8877,,,,,,,,,,,,
8881,,,,,,,,,,,,
8892,,,,,,,,,,,,
8897,,,,,,,,,,,,
8905,,,,,,,,,,,,
8914,,,,,,,,,,,,
8919,,,,,,,,,,,,
8920,,,,,,,,,,,,
8923,,,,,,,,,,,,
8929,,,,,,,,,,,,
8934,,,,,,,,,,,,
8935,,,,,,,,,,,,
